0,The Fool,thefool.jpg,Coming Soon
1,The Magician,themagician.jpg,Coming Soon
2,The High Priestess,thehighpriestess.jpg,Coming Soon
3,The Empress,theempress.jpg,Coming Soon
4,The Emperor,theemperor.jpg,Coming Soon
5,The Hierophant,thehierophant.jpg,Coming Soon
6,The Lovers,thelovers.jpg,Coming Soon
7,The Chariot,thechariot.jpg,Coming Soon
8,Strength,strength.jpg,Coming Soon
9,The Hermit,thehermit.jpg,Coming Soon
10,Wheel of Fortune,wheeloffortune.jpg,Coming Soon
11,Justice,justice.jpg,Coming Soon
12,The Hanged Man,thehangedman.jpg,Coming Soon
13,Death,death.jpg,Coming Soon
14,Temperance,temperance.jpg,Coming Soon
15,The Devil,thedevil.jpg,Coming Soon
16,The Tower,thetower.jpg,Coming Soon
17,The Star,thestar.jpg,Coming Soon
18,The Moon,themoon.jpg,Coming Soon
19,The Sun,thesun.jpg,Coming Soon
20,Judgment,judgment.jpg,Coming Soon
21,The World,theworld.jpg,Coming Soon
22,Ace of Wands,aceofwands.jpg,Coming Soon
23,Two of Wands,twoofwands.jpg,Coming Soon
24,Three of Wands,threeofwands.jpg,Coming Soon
25,Four of Wands,fourofwands.jpg,Coming Soon
26,Five of Wands,fiveofwands.jpg,Coming Soon
27,Six of Wands,sixofwands.jpg,Coming Soon
28,Seven of Wands,sevenofwands.jpg,Coming Soon
29,Eight of Wands,eightofwands.jpg,Coming Soon
30,Nine of Wands,nineofwands.jpg,Coming Soon
31,Ten of Wands,tenofwands.jpg,Coming Soon
32,Page of Wands,pageofwands.jpg,Coming Soon
33,Knight of Wands,knightofwands.jpg,Coming Soon
34,Queen of Wands,queenofwands.jpg,Coming Soon
35,King of Wands,kingofwands.jpg,Coming Soon
36,Ace of Cups,aceofcups.jpg,Coming Soon
37,Two of Cups,twoofcups.jpg,Coming Soon
38,Three of Cups,threeofcups.jpg,Coming Soon
39,Four of Cups,fourofcups.jpg,Coming Soon
40,Five of Cups,fiveofcups.jpg,Coming Soon
41,Six of Cups,sixofcups.jpg,Coming Soon
42,Seven of Cups,sevenofcups.jpg,Coming Soon
43,Eight of Cups,eightofcups.jpg,Coming Soon
44,Nine of Cups,nineofcups.jpg,Coming Soon
45,Ten of Cups,tenofcups.jpg,Coming Soon
46,Page of Cups,pageofcups.jpg,Coming Soon
47,Knight of Cups,knightofcups.jpg,Coming Soon
48,Queen of Cups,queenofcups.jpg,Coming Soon
49,King of Cups,kingofcups.jpg,Coming Soon
50,Ace of Swords,aceofswords.jpg,Coming Soon
51,Two of Swords,twoofswords.jpg,Coming Soon
52,Three of Swords,threeofswords.jpg,Coming Soon
53,Four of Swords,fourofswords.jpg,Coming Soon
54,Five of Swords,fiveofswords.jpg,Coming Soon
55,Six of Swords,sixofswords.jpg,Coming Soon
56,Seven of Swords,sevenofswords.jpg,Coming Soon
57,Eight of Swords,eightofswords.jpg,Coming Soon
58,Nine of Swords,nineofswords.jpg,Coming Soon
59,Ten of Swords,tenofswords.jpg,Coming Soon
60,Page of Swords,pageofswords.jpg,Coming Soon
61,Knight of Swords,knightofswords.jpg,Coming Soon
62,Queen of Swords,queenofswords.jpg,Coming Soon
63,King of Swords,kingofswords.jpg,Coming Soon
64,Ace of Pentacles,aceofpentacles.jpg,Coming Soon
65,Two of Pentacles,twoofpentacles.jpg,Coming Soon
66,Three of Pentacles,threeofpentacles.jpg,Coming Soon
67,Four of Pentacles,fourofpentacles.jpg,Coming Soon
68,Five of Pentacles,fiveofpentacles.jpg,Coming Soon
69,Six of Pentacles,sixofpentacles.jpg,Coming Soon
70,Seven of Pentacles,sevenofpentacles.jpg,Coming Soon
71,Eight of Pentacles,eightofpentacles.jpg,Coming Soon
72,Nine of Pentacles,nineofpentacles.jpg,Coming Soon
73,Ten of Pentacles,tenofpentacles.jpg,Coming Soon
74,Page of Pentacles,pageofpentacles.jpg,Coming Soon
75,Knight of Pentacles,knightofpentacles.jpg,Coming Soon
76,Queen of Pentacles,queenofpentacles.jpg,Coming Soon
77,King of Pentacles,kingofpentacles.jpg,Coming Soon